Customer_ID,Customer_Name,Gender,Age,City,Loyalty_Status
C00001,Logan Terry,Female,60,Chennai,Platinum
C00002,Rebecca Anderson,Female,46,Chennai,Platinum
C00003,Anthony Stephens,Female,53,Bangalore,Silver
C00004,William Taylor,Female,46,Mumbai,Silver
C00005,Michelle Mendoza,Female,51,Bangalore,Platinum
C00006,Kimberly Jackson,Male,35,Bangalore,Silver
C00007,Nathaniel Smith,Female,33,Mumbai,Gold
C00008,Richard Holt,Female,52,Kolkata,Silver
C00009,Joseph Brown,Male,32,Bangalore,Platinum
C00010,Tracy Holmes,Male,31,Kolkata,Gold
C00011,Spencer Meadows,Female,39,Chennai,Gold
C00012,Daniel Welch,Female,21,Delhi,Gold
C00013,Shirley Torres,Female,55,Hyderabad,Silver
C00014,Gregory Gordon,Female,48,Kolkata,Gold
C00015,Tamara Martin,Female,42,Bangalore,Platinum
C00016,Lisa Garner,Male,49,Delhi,Gold
C00017,Emily Torres,Female,49,Kolkata,Gold
C00018,James West,Female,60,Hyderabad,Gold
C00019,Jennifer White,Male,47,Delhi,Platinum
C00020,Thomas Rodriguez,Male,43,Chennai,Platinum
C00021,Allison Simmons,Male,23,Hyderabad,Gold
C00022,David Rodriguez,Male,47,Delhi,Silver
C00023,Michael Clark,Female,42,Mumbai,Silver
C00024,Erika Fuller,Female,38,Mumbai,Gold
C00025,James Gonzalez,Female,44,Mumbai,Silver
C00026,Jessica Wilson,Female,19,Hyderabad,Platinum
C00027,Brenda Sanders,Male,40,Delhi,Platinum
C00028,Lindsay Barnes,Male,59,Kolkata,Silver
C00029,Brittney Gillespie,Male,30,Kolkata,Platinum
C00030,Mrs. Jennifer George,Male,33,Delhi,Gold
C00031,Jennifer Diaz,Male,54,Delhi,Gold
C00032,Amanda Valdez,Female,41,Delhi,Platinum
C00033,Blake Smith,Male,28,Mumbai,Silver
C00034,Blake Cline MD,Male,37,Chennai,Platinum
C00035,Samuel Thomas,Female,43,Hyderabad,Silver
C00036,Craig Hess,Male,55,Hyderabad,Platinum
C00037,Robert Gardner,Male,24,Hyderabad,Gold
C00038,Kenneth Alvarez,Male,54,Kolkata,Gold
C00039,Lisa Perez,Female,60,Mumbai,Silver
C00040,Kathy Martinez,Female,18,Bangalore,Gold
C00041,Clayton Bell,Male,45,Mumbai,Platinum
C00042,Evelyn Hatfield,Female,27,Bangalore,Silver
C00043,Annette Freeman,Female,57,Chennai,Gold
C00044,Nicole Davis,Female,45,Hyderabad,Platinum
C00045,Monica Ochoa,Female,38,Delhi,Silver
C00046,Kevin Mills,Female,46,Delhi,Gold
C00047,Megan Silva,Female,39,Kolkata,Gold
C00048,Dennis Edwards,Female,29,Bangalore,Silver
C00049,Mary Gonzalez,Female,34,Mumbai,Gold
C00050,Carolyn Skinner,Female,53,Kolkata,Platinum
C00051,David Williams,Male,23,Delhi,Platinum
C00052,Alexander Green,Female,49,Chennai,Silver
C00053,Kaitlyn Villa,Female,59,Hyderabad,Gold
C00054,William Moreno,Female,19,Kolkata,Gold
C00055,Jacqueline Rivera,Male,43,Hyderabad,Silver
C00056,Rachel Hayes,Female,60,Chennai,Gold
C00057,Timothy Alexander,Female,53,Chennai,Gold
C00058,Kyle Torres,Female,53,Mumbai,Gold
C00059,Paul Berry,Female,35,Mumbai,Gold
C00060,Marie Cooper,Male,25,Hyderabad,Silver
C00061,Ann Hayes,Female,25,Hyderabad,Platinum
C00062,Meghan Marshall,Male,30,Delhi,Platinum
C00063,Jasmin Nelson,Female,35,Hyderabad,Platinum
C00064,Veronica Rodriguez,Female,24,Delhi,Gold
C00065,Teresa Friedman,Male,41,Delhi,Gold
C00066,Gregory Hutchinson,Male,52,Delhi,Gold
C00067,Nicole Carter,Male,21,Chennai,Gold
C00068,Stacy Martin,Male,58,Bangalore,Silver
C00069,Mrs. Robyn Sanchez,Male,54,Mumbai,Gold
C00070,Jeffrey Long,Female,46,Mumbai,Silver
C00071,Justin Harvey,Male,34,Bangalore,Silver
C00072,Jerry Walker,Male,43,Bangalore,Silver
C00073,Kathryn Davis,Male,27,Delhi,Platinum
C00074,Jacob Hamilton,Female,23,Delhi,Silver
C00075,Kyle Rivera,Female,56,Chennai,Platinum
C00076,Alyssa Hernandez,Male,51,Bangalore,Gold
C00077,Richard Palmer,Female,37,Chennai,Gold
C00078,Michael Hudson,Female,54,Chennai,Silver
C00079,Tamara Keith,Male,31,Hyderabad,Silver
C00080,Michael Robbins,Female,60,Kolkata,Silver
C00081,Matthew Alvarado,Male,29,Chennai,Silver
C00082,Elizabeth Webb,Male,18,Bangalore,Gold
C00083,Angela Huang,Female,36,Kolkata,Silver
C00084,Ashley Faulkner,Female,36,Hyderabad,Gold
C00085,James Cantu,Male,32,Mumbai,Platinum
C00086,Ann Williams,Male,45,Kolkata,Platinum
C00087,Stephanie Roberts,Male,59,Delhi,Gold
C00088,Jesse Pham,Male,22,Kolkata,Silver
C00089,Mr. Craig Farley,Female,56,Hyderabad,Platinum
C00090,Reginald Dixon,Female,46,Kolkata,Gold
C00091,Andrew Copeland,Female,43,Mumbai,Platinum
C00092,Benjamin Hunter,Female,46,Kolkata,Platinum
C00093,Cindy Flores,Male,45,Hyderabad,Gold
C00094,Michael Walker,Female,19,Kolkata,Silver
C00095,Jessica Gilbert,Male,35,Chennai,Silver
C00096,Jennifer Jones,Male,48,Chennai,Platinum
C00097,Jordan Thomas,Female,35,Delhi,Platinum
C00098,Jason Spence,Female,58,Bangalore,Silver
C00099,Michael Wilson,Female,40,Bangalore,Gold
C00100,David Jordan,Female,60,Kolkata,Silver
C00101,Jonathan Burgess,Female,44,Hyderabad,Gold
C00102,Bradley Anderson,Female,60,Bangalore,Platinum
C00103,Cynthia Cuevas,Male,47,Kolkata,Gold
C00104,Haley Preston,Female,38,Kolkata,Gold
C00105,Zachary Hughes,Male,60,Chennai,Gold
C00106,John Gutierrez,Female,21,Delhi,Platinum
C00107,Jeremiah Wiggins,Female,57,Bangalore,Platinum
C00108,Donald Davis,Female,21,Delhi,Gold
C00109,Sonya Leonard,Male,36,Bangalore,Platinum
C00110,Krista Stewart,Female,25,Kolkata,Platinum
C00111,Judy Wheeler,Male,28,Mumbai,Platinum
C00112,Robert Wheeler,Male,53,Bangalore,Silver
C00113,Jeff Lucas,Male,25,Bangalore,Silver
C00114,Michael Roman,Male,49,Hyderabad,Gold
C00115,Jason Turner,Female,44,Bangalore,Gold
C00116,Gary Ryan,Male,47,Chennai,Silver
C00117,Ricky Baker,Female,30,Chennai,Platinum
C00118,Amy Freeman,Male,22,Mumbai,Gold
C00119,Luke Holmes,Female,50,Mumbai,Silver
C00120,Rebecca Newman,Female,37,Chennai,Platinum
C00121,Charles Powers,Female,27,Bangalore,Platinum
C00122,David Perry,Female,40,Mumbai,Platinum
C00123,Jennifer Simmons,Female,47,Mumbai,Silver
C00124,Cole Barnett,Male,54,Bangalore,Silver
C00125,Joseph Mendez,Female,20,Mumbai,Platinum
C00126,Brittany Singh,Female,42,Bangalore,Platinum
C00127,Mark Barber,Male,49,Kolkata,Silver
C00128,William Phillips,Female,24,Bangalore,Silver
C00129,Michael Shaw,Female,18,Hyderabad,Silver
C00130,Allison Mitchell,Female,59,Delhi,Silver
C00131,Debbie Jenkins,Female,34,Mumbai,Platinum
C00132,Melissa Ramirez,Female,59,Kolkata,Gold
C00133,Jamie Brown,Female,38,Hyderabad,Platinum
C00134,Susan Roberts,Female,52,Kolkata,Platinum
C00135,Arthur Phillips,Male,33,Hyderabad,Platinum
C00136,Julia King,Female,32,Hyderabad,Silver
C00137,Sheri Graves,Female,24,Hyderabad,Platinum
C00138,Philip Williams,Male,46,Delhi,Platinum
C00139,Edward Castillo,Female,19,Kolkata,Gold
C00140,Michelle Obrien,Male,36,Mumbai,Gold
C00141,Jeffrey Payne,Female,27,Delhi,Platinum
C00142,Molly Robertson,Female,54,Hyderabad,Silver
C00143,Ivan Patterson,Male,29,Kolkata,Platinum
C00144,Scott Carlson,Female,57,Hyderabad,Silver
C00145,Christina Beck,Female,55,Delhi,Silver
C00146,Kenneth Robinson,Female,58,Mumbai,Gold
C00147,Victoria Cortez,Female,60,Kolkata,Gold
C00148,Cory Martinez,Female,52,Delhi,Silver
C00149,Michael Watts,Female,40,Chennai,Gold
C00150,Megan Serrano,Female,34,Bangalore,Gold
C00151,Yvonne Lopez,Male,42,Bangalore,Silver
C00152,Crystal Cameron,Male,42,Chennai,Gold
C00153,Victoria Baird,Female,36,Kolkata,Platinum
C00154,Nicole Gross,Female,35,Kolkata,Platinum
C00155,Jessica Buck,Male,56,Hyderabad,Gold
C00156,Matthew Green,Female,32,Chennai,Gold
C00157,Angela Bruce,Male,58,Delhi,Platinum
C00158,Stephanie Koch,Female,60,Hyderabad,Silver
C00159,Timothy Hoffman,Male,58,Hyderabad,Silver
C00160,Gregory Simmons,Female,46,Kolkata,Platinum
C00161,Lauren Cain,Female,26,Kolkata,Gold
C00162,Amber Wilson,Female,44,Delhi,Silver
C00163,Joyce Foster,Male,52,Mumbai,Platinum
C00164,Charles Smith,Female,28,Mumbai,Gold
C00165,Timothy Henson,Female,39,Kolkata,Gold
C00166,James Wallace,Male,27,Delhi,Platinum
C00167,Todd Lawrence,Female,53,Mumbai,Silver
C00168,Connie Kim,Female,18,Mumbai,Platinum
C00169,Kenneth Williams,Male,47,Mumbai,Platinum
C00170,Jeffrey Hoffman,Female,55,Bangalore,Platinum
C00171,James Campbell,Female,24,Hyderabad,Silver
C00172,Susan Martin,Female,19,Chennai,Platinum
C00173,Lisa Chavez,Female,57,Delhi,Platinum
C00174,James Lynch,Male,58,Bangalore,Platinum
C00175,Willie Pitts MD,Female,59,Bangalore,Silver
C00176,Frank Nichols,Male,20,Kolkata,Gold
C00177,Anthony Paul,Female,25,Kolkata,Silver
C00178,Aaron Riley,Male,42,Bangalore,Gold
C00179,Blake Sims,Female,55,Hyderabad,Platinum
C00180,Mark Mckee,Male,44,Hyderabad,Silver
C00181,Nicole Owens,Female,57,Bangalore,Gold
C00182,Stephanie Sutton,Male,41,Delhi,Gold
C00183,John Douglas,Female,33,Mumbai,Silver
C00184,Brittany Tucker,Female,52,Hyderabad,Gold
C00185,Chad Smith,Male,43,Mumbai,Silver
C00186,Jerry Davis,Male,47,Kolkata,Platinum
C00187,Patrick Garcia,Male,59,Hyderabad,Platinum
C00188,Joseph Sanford,Male,21,Mumbai,Silver
C00189,Patrick Shields,Male,54,Delhi,Silver
C00190,Jessica Murphy,Male,55,Delhi,Silver
C00191,Charles Kim,Female,27,Chennai,Silver
C00192,Christopher Sims,Female,27,Delhi,Platinum
C00193,Alicia Sanders,Female,29,Kolkata,Platinum
C00194,Dr. Melinda Taylor,Male,26,Kolkata,Gold
C00195,Randy Terrell,Male,55,Mumbai,Silver
C00196,Nathan Jones,Male,34,Kolkata,Silver
C00197,David Mcmillan,Female,51,Kolkata,Platinum
C00198,James Jackson,Male,48,Bangalore,Gold
C00199,Sarah Duran,Male,46,Chennai,Silver
C00200,Elijah Carroll,Male,60,Chennai,Gold
C00201,Michael Vargas,Female,59,Kolkata,Silver
C00202,Anthony Morales,Female,43,Bangalore,Platinum
C00203,Karen Bowman,Male,49,Hyderabad,Gold
C00204,Darlene Smith,Male,23,Mumbai,Platinum
C00205,Brandon Fisher,Male,22,Delhi,Gold
C00206,Steven Mays,Female,42,Chennai,Platinum
C00207,Sara Brown,Female,47,Chennai,Platinum
C00208,Lee Rice,Female,24,Hyderabad,Silver
C00209,Carrie Lam,Male,45,Bangalore,Silver
C00210,Danny Jones,Female,39,Bangalore,Gold
C00211,Sarah Beard,Female,24,Mumbai,Gold
C00212,Leah Adams,Female,60,Mumbai,Gold
C00213,Jessica Leach,Male,48,Kolkata,Silver
C00214,James Chambers,Male,23,Bangalore,Silver
C00215,Thomas Sandoval,Female,26,Chennai,Silver
C00216,Traci Wright,Female,60,Kolkata,Gold
C00217,David Wallace,Female,60,Bangalore,Platinum
C00218,Alice Oconnor,Male,36,Chennai,Gold
C00219,Christopher Gutierrez,Female,24,Chennai,Platinum
C00220,Mr. Bobby Garcia,Male,27,Hyderabad,Gold
C00221,James Long,Male,24,Mumbai,Platinum
C00222,Luis Leblanc,Female,25,Mumbai,Platinum
C00223,Nancy Gonzalez,Male,45,Chennai,Platinum
C00224,Laura Peterson,Male,56,Hyderabad,Platinum
C00225,Terry Roberts,Female,19,Delhi,Gold
C00226,Richard Taylor,Female,39,Mumbai,Silver
C00227,Linda Holmes,Male,27,Chennai,Platinum
C00228,Christopher York,Female,22,Delhi,Platinum
C00229,James Day,Male,23,Hyderabad,Platinum
C00230,Karen Romero MD,Male,42,Bangalore,Gold
C00231,Kathy Martin,Female,28,Mumbai,Gold
C00232,Jodi Maldonado,Female,54,Chennai,Silver
C00233,Dennis Kelly,Male,27,Delhi,Platinum
C00234,Samantha Baker,Male,23,Mumbai,Gold
C00235,Allen Cordova,Female,49,Chennai,Gold
C00236,Sheila Ramirez,Female,35,Delhi,Platinum
C00237,Ruben Freeman,Male,40,Bangalore,Silver
C00238,Alex Brady,Female,55,Bangalore,Platinum
C00239,Charlene Clark,Female,20,Delhi,Gold
C00240,Kenneth Chase,Male,18,Delhi,Gold
C00241,Timothy Odonnell,Male,26,Mumbai,Gold
C00242,Brian Fritz,Female,25,Kolkata,Gold
C00243,Ronald Ramirez,Female,29,Delhi,Gold
C00244,Taylor Romero,Male,50,Chennai,Platinum
C00245,Jack Williams,Female,22,Bangalore,Platinum
C00246,Travis Jones,Male,45,Kolkata,Gold
C00247,Shannon Mcintosh,Male,38,Chennai,Gold
C00248,Jared Erickson,Female,58,Bangalore,Gold
C00249,Anna Walsh,Male,43,Kolkata,Gold
C00250,Melissa Allison,Male,57,Bangalore,Platinum
C00251,Kristen Henderson,Female,23,Bangalore,Silver
C00252,Beth Barnes,Male,45,Chennai,Gold
C00253,Julie Taylor,Male,43,Mumbai,Platinum
C00254,John Gillespie,Female,32,Mumbai,Silver
C00255,Shaun Rios,Male,50,Hyderabad,Silver
C00256,Mr. Russell Bautista,Male,40,Mumbai,Platinum
C00257,Monique Taylor,Male,33,Kolkata,Silver
C00258,Sara Price,Female,30,Delhi,Platinum
C00259,Joel Kelley,Male,59,Kolkata,Silver
C00260,Linda Hester,Female,47,Chennai,Platinum
C00261,Kelsey Weber,Female,54,Hyderabad,Platinum
C00262,Jessica Hobbs,Female,58,Mumbai,Silver
C00263,Emily Long,Female,22,Bangalore,Gold
C00264,Kimberly Cross,Female,35,Chennai,Silver
C00265,Harold Thompson,Female,50,Kolkata,Gold
C00266,Lindsay Johnson,Female,46,Kolkata,Silver
C00267,Shawn Phelps,Female,36,Kolkata,Platinum
C00268,Ashley Shaw,Male,57,Chennai,Platinum
C00269,Jasmine Jones,Female,47,Chennai,Platinum
C00270,Aaron Smith,Male,46,Chennai,Platinum
C00271,Andrew Lee,Male,38,Chennai,Gold
C00272,Timothy Marquez,Male,21,Bangalore,Silver
C00273,Melissa Downs,Female,23,Chennai,Platinum
C00274,Janet Ashley,Male,20,Delhi,Platinum
C00275,Sandra Perkins,Female,46,Chennai,Platinum
C00276,Sharon Sampson,Male,41,Mumbai,Gold
C00277,Timothy House,Female,44,Mumbai,Platinum
C00278,Adam Santos,Male,58,Hyderabad,Gold
C00279,Amanda Sanchez,Male,39,Kolkata,Platinum
C00280,Scott Thompson,Female,36,Mumbai,Platinum
C00281,Derek Thomas,Male,39,Kolkata,Platinum
C00282,Kelly Martinez,Male,40,Mumbai,Platinum
C00283,Troy Hicks,Female,26,Chennai,Platinum
C00284,Richard Simmons,Male,37,Chennai,Gold
C00285,John Wright,Female,26,Hyderabad,Platinum
C00286,Tina Stuart,Male,59,Hyderabad,Gold
C00287,Jorge Johnson,Female,19,Mumbai,Gold
C00288,John Palmer,Male,31,Mumbai,Gold
C00289,Jason Bennett,Male,32,Delhi,Silver
C00290,Julie James DVM,Male,36,Kolkata,Platinum
C00291,Jonathan Jordan,Male,60,Mumbai,Platinum
C00292,Brian Murphy,Male,56,Bangalore,Silver
C00293,Amber Santiago,Male,29,Hyderabad,Platinum
C00294,Aaron Olson,Male,46,Kolkata,Gold
C00295,Robert Scott,Female,33,Bangalore,Platinum
C00296,Andrea Fox,Female,46,Delhi,Platinum
C00297,Derek Williams,Male,37,Bangalore,Silver
C00298,Gerald Thomas,Female,54,Bangalore,Gold
C00299,Justin Watson,Female,42,Chennai,Platinum
C00300,Thomas Walker,Female,28,Delhi,Platinum
C00301,Angel Carpenter,Male,34,Kolkata,Platinum
C00302,Joel Meyers,Female,41,Chennai,Silver
C00303,Dawn Foley,Male,36,Kolkata,Silver
C00304,Laurie Lopez,Female,46,Chennai,Silver
C00305,Gregory Guerrero,Female,23,Delhi,Gold
C00306,Cynthia Barker MD,Female,19,Bangalore,Silver
C00307,Justin Novak,Female,50,Mumbai,Silver
C00308,David West,Female,23,Mumbai,Silver
C00309,Cynthia Henson,Male,38,Kolkata,Platinum
C00310,Ryan Smith,Female,27,Delhi,Silver
C00311,Benjamin Young,Female,48,Hyderabad,Silver
C00312,Ashley Stephenson,Female,46,Chennai,Silver
C00313,Wendy Ellis,Male,19,Mumbai,Silver
C00314,Gary Rogers,Male,53,Hyderabad,Platinum
C00315,Rodney Williams DVM,Female,25,Mumbai,Silver
C00316,Joseph Green,Female,25,Kolkata,Silver
C00317,Lance Fernandez,Female,58,Chennai,Gold
C00318,Dustin Burch MD,Male,25,Bangalore,Platinum
C00319,Michael Campbell,Male,58,Chennai,Platinum
C00320,Nicole Abbott,Male,27,Mumbai,Gold
C00321,Robert Browning,Male,57,Mumbai,Silver
C00322,Michael Martinez,Female,29,Hyderabad,Platinum
C00323,Robert Torres,Male,51,Mumbai,Silver
C00324,Marissa Parks,Male,42,Bangalore,Silver
C00325,Marilyn Curtis,Female,41,Mumbai,Platinum
C00326,Christina Bradshaw,Male,40,Kolkata,Gold
C00327,David Simon,Male,60,Hyderabad,Silver
C00328,Ashley Stewart,Female,26,Kolkata,Gold
C00329,Rebecca Walker,Female,59,Delhi,Platinum
C00330,Jeffery Harris,Female,48,Hyderabad,Silver
C00331,Chad Smith,Male,22,Hyderabad,Gold
C00332,Mary Garcia,Male,36,Delhi,Silver
C00333,Christopher Winters,Male,20,Mumbai,Gold
C00334,Chelsea Carr,Female,52,Bangalore,Gold
C00335,Katherine Gordon,Male,59,Delhi,Gold
C00336,Dustin Jones,Female,21,Hyderabad,Gold
C00337,Mary Valdez,Female,25,Mumbai,Gold
C00338,David Nguyen,Female,46,Bangalore,Gold
C00339,Barbara Hudson,Male,49,Hyderabad,Gold
C00340,William Castillo,Female,51,Mumbai,Silver
C00341,Jacqueline Edwards,Female,23,Bangalore,Platinum
C00342,Dale Gonzalez,Male,52,Mumbai,Gold
C00343,Tammy Fields,Male,23,Mumbai,Platinum
C00344,Eric Mitchell,Female,37,Bangalore,Platinum
C00345,April Thornton,Female,28,Hyderabad,Gold
C00346,Charles Jefferson MD,Female,46,Kolkata,Platinum
C00347,Michael Mooney,Female,57,Bangalore,Gold
C00348,Andrew Pham,Male,22,Hyderabad,Platinum
C00349,Ariel Esparza,Female,41,Chennai,Platinum
C00350,Matthew Robinson,Male,19,Delhi,Platinum
C00351,Kristen Stewart,Female,20,Delhi,Silver
C00352,Mary Raymond,Male,59,Mumbai,Gold
C00353,Jennifer Bryant,Female,54,Kolkata,Platinum
C00354,Cathy Vaughan,Male,46,Mumbai,Gold
C00355,David Evans,Female,22,Chennai,Silver
C00356,Samantha Brown,Female,43,Mumbai,Platinum
C00357,Darren Wang,Female,33,Kolkata,Silver
C00358,Emily Smith,Male,49,Chennai,Gold
C00359,Mr. Christian Thompson,Male,34,Mumbai,Platinum
C00360,Emily Farmer,Female,31,Chennai,Gold
C00361,Julie Atkinson,Female,30,Kolkata,Silver
C00362,Anna Graves,Male,46,Delhi,Platinum
C00363,Ronnie Tapia,Female,23,Hyderabad,Gold
C00364,Michael Dominguez,Female,22,Chennai,Platinum
C00365,Kelly Torres,Female,37,Delhi,Platinum
C00366,Shawn Wood,Male,41,Chennai,Silver
C00367,Robert Hernandez,Male,30,Delhi,Silver
C00368,Barbara Smith,Female,19,Mumbai,Platinum
C00369,Robert Lopez,Female,47,Chennai,Silver
C00370,Alexis Donovan,Male,22,Mumbai,Gold
C00371,William Rodriguez,Female,51,Bangalore,Gold
C00372,David Atkinson,Male,26,Mumbai,Platinum
C00373,Benjamin Patton,Male,46,Bangalore,Platinum
C00374,Teresa Gregory,Female,26,Chennai,Platinum
C00375,Andrew Perry,Male,26,Bangalore,Platinum
C00376,Gina Rodriguez,Male,25,Chennai,Silver
C00377,Lisa Pham,Female,28,Delhi,Gold
C00378,Carrie Scott,Male,40,Chennai,Gold
C00379,Stephanie Graham,Male,34,Delhi,Platinum
C00380,Rachel Kelly,Female,26,Hyderabad,Gold
C00381,Nancy Nelson,Male,50,Hyderabad,Silver
C00382,Tina Carter,Male,28,Hyderabad,Platinum
C00383,Patrick Palmer,Female,54,Kolkata,Silver
C00384,John Martinez,Male,20,Hyderabad,Platinum
C00385,Katie Garcia,Female,59,Delhi,Platinum
C00386,Danielle Singleton,Female,57,Hyderabad,Silver
C00387,Haley White,Female,58,Chennai,Gold
C00388,Jennifer Farrell,Female,48,Delhi,Platinum
C00389,Teresa Baker,Female,37,Bangalore,Silver
C00390,Kurt Clayton,Male,28,Bangalore,Gold
C00391,Leslie Scott,Female,47,Delhi,Gold
C00392,Christopher Peterson,Male,38,Hyderabad,Gold
C00393,John Reed,Female,43,Delhi,Gold
C00394,Melissa Clements,Male,38,Delhi,Gold
C00395,Richard Brooks,Male,35,Bangalore,Silver
C00396,Rachael Johnson,Male,24,Kolkata,Gold
C00397,Jennifer Guerra,Female,57,Bangalore,Silver
C00398,Heidi Davis,Male,38,Chennai,Platinum
C00399,Robert Hoffman,Female,30,Delhi,Gold
C00400,Brandon Hill,Female,49,Mumbai,Gold
C00401,Raven Floyd,Male,23,Bangalore,Platinum
C00402,Ricardo Skinner,Female,33,Delhi,Platinum
C00403,John Wagner,Female,21,Kolkata,Gold
C00404,Melissa Anderson,Female,56,Hyderabad,Platinum
C00405,Sandra Underwood,Female,36,Chennai,Silver
C00406,Leah Stevens,Male,45,Delhi,Gold
C00407,Darren Davis,Female,43,Mumbai,Silver
C00408,Justin Gomez,Female,21,Chennai,Platinum
C00409,Lauren Moore MD,Male,41,Chennai,Gold
C00410,Cathy Johnson,Male,42,Chennai,Gold
C00411,Amanda Oconnell,Female,57,Hyderabad,Platinum
C00412,Tanya Ford,Male,26,Kolkata,Gold
C00413,James Serrano,Female,39,Chennai,Gold
C00414,Chad Rodriguez,Male,30,Chennai,Platinum
C00415,Vanessa Gonzalez,Female,50,Kolkata,Silver
C00416,Justin Moody,Male,26,Hyderabad,Gold
C00417,Courtney Long,Female,51,Bangalore,Silver
C00418,Lauren Brown,Male,38,Chennai,Gold
C00419,Brenda Chambers,Male,43,Chennai,Platinum
C00420,Brittany Brown,Female,55,Mumbai,Platinum
C00421,Jamie Anthony,Female,54,Mumbai,Gold
C00422,Monica Daniels,Male,41,Mumbai,Platinum
C00423,Jessica Rollins,Male,44,Chennai,Gold
C00424,Kathleen Bradshaw,Male,56,Bangalore,Gold
C00425,Michael Ramsey,Male,21,Chennai,Gold
C00426,Maria Young,Male,51,Hyderabad,Platinum
C00427,Jasmine Dunn,Female,27,Hyderabad,Silver
C00428,Lindsey Salinas,Male,54,Hyderabad,Silver
C00429,Billy Cole,Male,19,Bangalore,Gold
C00430,Patricia Hicks,Female,27,Bangalore,Platinum
C00431,Thomas Lewis,Male,44,Chennai,Platinum
C00432,Wyatt Lee,Female,21,Hyderabad,Silver
C00433,Steven Mcknight,Male,53,Mumbai,Platinum
C00434,Joseph Adams,Female,51,Bangalore,Gold
C00435,Patricia Ramirez,Male,47,Chennai,Gold
C00436,Kathy Gomez,Female,59,Hyderabad,Gold
C00437,Karen Stewart,Female,30,Delhi,Gold
C00438,Tiffany Graves,Female,32,Mumbai,Gold
C00439,Glenda Harper,Male,49,Mumbai,Gold
C00440,Shane Williams,Female,53,Hyderabad,Gold
C00441,Anthony Mitchell,Female,25,Chennai,Platinum
C00442,Nichole Garrett,Female,43,Mumbai,Silver
C00443,Charles Henderson,Female,20,Mumbai,Platinum
C00444,Louis York,Male,40,Bangalore,Platinum
C00445,Felicia Pierce,Female,48,Delhi,Silver
C00446,James Brock,Female,53,Hyderabad,Gold
C00447,Maria Phillips,Male,24,Chennai,Platinum
C00448,David Wood,Male,33,Kolkata,Platinum
C00449,Austin Vincent,Male,58,Delhi,Silver
C00450,Danny Cole,Male,44,Mumbai,Platinum
C00451,Vickie Mitchell,Female,24,Hyderabad,Silver
C00452,James Rogers,Male,53,Delhi,Gold
C00453,Debra Buck,Female,48,Hyderabad,Silver
C00454,Leonard Rodriguez,Female,38,Mumbai,Platinum
C00455,Jason Medina,Male,23,Hyderabad,Platinum
C00456,Paul Garcia,Male,52,Hyderabad,Platinum
C00457,Mr. Marcus Nelson,Male,29,Bangalore,Silver
C00458,Julia Phillips,Male,43,Bangalore,Silver
C00459,Robert Lawson,Female,20,Kolkata,Gold
C00460,Sherri Blair,Male,39,Mumbai,Gold
C00461,Linda Schaefer,Female,26,Chennai,Gold
C00462,Amy Rosales,Female,30,Kolkata,Gold
C00463,Hannah Smith,Male,47,Hyderabad,Gold
C00464,Adam Powers,Male,18,Hyderabad,Gold
C00465,Richard Gutierrez,Female,54,Hyderabad,Silver
C00466,Laura Holland,Male,57,Hyderabad,Gold
C00467,Heather Warren,Female,50,Mumbai,Silver
C00468,Darren Miller,Female,60,Kolkata,Silver
C00469,Whitney Phillips,Male,48,Mumbai,Silver
C00470,Henry Rivera,Male,34,Bangalore,Silver
C00471,Ricky Browning,Female,35,Mumbai,Gold
C00472,Timothy Lewis,Male,34,Hyderabad,Gold
C00473,Alexander Brown,Male,21,Hyderabad,Silver
C00474,Jason Williams,Female,37,Delhi,Gold
C00475,Robert Garner,Female,25,Hyderabad,Gold
C00476,Samuel Black,Female,57,Delhi,Silver
C00477,Crystal Turner,Male,48,Delhi,Gold
C00478,Curtis Diaz,Female,44,Hyderabad,Platinum
C00479,Catherine Doyle,Female,52,Hyderabad,Silver
C00480,Kevin Peterson,Male,56,Kolkata,Platinum
C00481,Julie Ochoa,Female,51,Hyderabad,Gold
C00482,Mark Thompson,Male,54,Kolkata,Silver
C00483,Paula Scott,Male,54,Chennai,Silver
C00484,Jessica Hernandez,Male,38,Chennai,Gold
C00485,Austin Harris,Male,31,Hyderabad,Platinum
C00486,Todd Howard,Female,23,Chennai,Gold
C00487,Raymond Larsen,Male,47,Delhi,Platinum
C00488,James Allison,Female,47,Chennai,Silver
C00489,Chloe Moore,Female,37,Hyderabad,Silver
C00490,James Peterson,Female,34,Kolkata,Platinum
C00491,Andrew Diaz,Male,55,Kolkata,Silver
C00492,Elizabeth Young,Female,40,Hyderabad,Silver
C00493,Christine Hanson,Male,22,Bangalore,Silver
C00494,Victor Giles,Female,44,Delhi,Silver
C00495,Sara Hanna,Female,41,Bangalore,Gold
C00496,Sarah Buckley,Female,42,Kolkata,Platinum
C00497,Kyle Stevenson,Male,59,Mumbai,Silver
C00498,John Miller,Male,52,Bangalore,Platinum
C00499,Zachary Jackson,Male,32,Kolkata,Silver
C00500,Mathew Moore,Female,47,Hyderabad,Platinum
C00501,Jose Dennis,Female,52,Bangalore,Silver
C00502,John Figueroa,Male,47,Mumbai,Silver
C00503,Laura White,Female,30,Hyderabad,Silver
C00504,Audrey Lee,Male,60,Bangalore,Platinum
C00505,Kenneth Sharp,Male,33,Delhi,Silver
C00506,Tyler Smith,Male,56,Kolkata,Gold
C00507,Adrian Lane,Male,33,Hyderabad,Silver
C00508,Samantha Jackson,Female,46,Delhi,Platinum
C00509,Rachel Ray,Male,21,Delhi,Platinum
C00510,Katie Stewart,Female,32,Hyderabad,Platinum
C00511,Micheal Dominguez,Female,54,Chennai,Platinum
C00512,Angela Young,Female,33,Mumbai,Silver
C00513,Veronica Gonzalez,Male,44,Mumbai,Gold
C00514,Amber Blevins,Male,53,Chennai,Platinum
C00515,Brandy Donaldson,Male,58,Hyderabad,Gold
C00516,Jonathan Watson,Female,21,Mumbai,Platinum
C00517,Richard Dougherty,Female,51,Mumbai,Platinum
C00518,Amanda Stephens,Female,44,Delhi,Gold
C00519,Gary Walker,Female,29,Chennai,Gold
C00520,Tricia Nelson,Male,32,Mumbai,Platinum
C00521,Veronica Clark,Male,47,Kolkata,Platinum
C00522,Kelsey Allen,Female,44,Chennai,Platinum
C00523,Michelle Campbell,Male,42,Delhi,Gold
C00524,Robert Stevens,Male,39,Hyderabad,Silver
C00525,Kristy Smith,Female,41,Kolkata,Platinum
C00526,Antonio Thomas,Male,21,Mumbai,Gold
C00527,Christie Jones,Male,22,Delhi,Platinum
C00528,Tiffany Mendoza,Male,48,Delhi,Gold
C00529,Connor Rush,Female,18,Delhi,Silver
C00530,Hannah Henson,Male,48,Delhi,Platinum
C00531,Anthony Butler,Male,43,Delhi,Platinum
C00532,Virginia Lane,Female,36,Bangalore,Gold
C00533,Katherine Calderon,Female,37,Mumbai,Gold
C00534,Wendy Benson,Female,47,Kolkata,Platinum
C00535,Jack Hood,Female,38,Delhi,Gold
C00536,Charles Branch,Female,44,Kolkata,Platinum
C00537,Patrick Davidson,Male,27,Kolkata,Gold
C00538,Jonathan Thompson,Female,36,Delhi,Silver
C00539,Jasmine Payne,Female,32,Bangalore,Platinum
C00540,Bradley Brown,Male,49,Chennai,Platinum
C00541,Mark Johnson,Female,34,Bangalore,Platinum
C00542,Patricia Dean,Female,47,Delhi,Platinum
C00543,Nathaniel Williams,Female,28,Delhi,Platinum
C00544,Stacey Walls,Female,29,Chennai,Platinum
C00545,Isaac Smith,Male,51,Kolkata,Silver
C00546,Tonya Berry,Male,18,Bangalore,Silver
C00547,William Eaton,Male,22,Hyderabad,Silver
C00548,Karen Thomas,Male,31,Chennai,Gold
C00549,Taylor Heath DVM,Female,21,Chennai,Platinum
C00550,Mark Franklin,Female,60,Bangalore,Silver
C00551,Deanna Jackson,Male,52,Chennai,Gold
C00552,Crystal Calderon,Male,19,Chennai,Platinum
C00553,James Gardner,Female,52,Mumbai,Silver
C00554,Jennifer Mccarty,Female,29,Kolkata,Silver
C00555,James Reyes,Male,33,Delhi,Platinum
C00556,Robert Pacheco,Female,40,Mumbai,Gold
C00557,Jeremy Anderson,Male,41,Bangalore,Gold
C00558,Elizabeth Warner,Male,32,Mumbai,Platinum
C00559,James Hubbard,Male,59,Hyderabad,Silver
C00560,Nathan Walker,Male,43,Bangalore,Gold
C00561,Angela Jones,Female,21,Hyderabad,Silver
C00562,Briana Ramos,Male,23,Bangalore,Gold
C00563,Michael Burgess,Female,54,Kolkata,Platinum
C00564,Louis Dougherty,Male,32,Delhi,Platinum
C00565,Jennifer Zimmerman,Female,35,Kolkata,Silver
C00566,Stacey Bennett,Female,52,Chennai,Platinum
C00567,Richard Walker,Male,29,Mumbai,Silver
C00568,Kevin Williams,Male,55,Delhi,Platinum
C00569,Allen Sanchez,Female,22,Mumbai,Silver
C00570,Jesse Mitchell,Male,54,Bangalore,Platinum
C00571,Randall Williams,Female,42,Hyderabad,Silver
C00572,Alexander Gregory PhD,Male,50,Hyderabad,Gold
C00573,Carla Miller,Male,24,Bangalore,Silver
C00574,Katherine Taylor,Male,39,Chennai,Platinum
C00575,Robert Moore,Female,38,Kolkata,Platinum
C00576,Michael Cortez,Female,46,Bangalore,Silver
C00577,John Johnson,Female,53,Bangalore,Gold
C00578,Mario Brooks,Male,55,Hyderabad,Gold
C00579,Kevin Atkinson,Male,57,Mumbai,Silver
C00580,Charles Castaneda,Male,23,Mumbai,Silver
C00581,Amanda Glover,Female,58,Delhi,Platinum
C00582,Nicholas Gilmore,Female,38,Mumbai,Silver
C00583,Laura Aguilar,Male,18,Mumbai,Gold
C00584,Cheyenne Sandoval,Female,35,Kolkata,Silver
C00585,Sherri Summers,Male,29,Bangalore,Gold
C00586,Amy Smith,Female,24,Kolkata,Silver
C00587,Megan Johnston,Female,53,Kolkata,Platinum
C00588,Richard Anderson,Female,42,Kolkata,Gold
C00589,Sue Gardner,Female,42,Kolkata,Platinum
C00590,Peter Wall,Male,54,Chennai,Silver
C00591,Matthew Pena,Female,28,Delhi,Gold
C00592,Sara Henson,Female,35,Bangalore,Silver
C00593,Gabrielle Campbell,Male,28,Bangalore,Gold
C00594,Paul Flores,Female,37,Bangalore,Silver
C00595,Caroline Flores,Female,34,Delhi,Platinum
C00596,Michael Aguirre,Female,56,Chennai,Silver
C00597,Erica White,Female,24,Delhi,Gold
C00598,Michelle Marsh,Male,43,Mumbai,Platinum
C00599,Robert Thomas,Female,39,Bangalore,Gold
C00600,Courtney Camacho,Female,59,Chennai,Silver
C00601,Audrey Holden DDS,Female,38,Chennai,Platinum
C00602,Thomas Porter,Male,48,Mumbai,Silver
C00603,Kevin Barnett,Female,38,Mumbai,Platinum
C00604,Gary Wilkins,Female,54,Delhi,Gold
C00605,Heather Gates,Female,35,Bangalore,Gold
C00606,Larry Hernandez,Male,54,Delhi,Platinum
C00607,Pamela Price,Male,53,Kolkata,Platinum
C00608,Robert Trevino,Female,31,Bangalore,Gold
C00609,Vincent Mitchell,Male,44,Hyderabad,Gold
C00610,Brenda Patrick,Male,58,Mumbai,Silver
C00611,William Mosley,Female,60,Delhi,Platinum
C00612,Anthony Patrick,Female,42,Kolkata,Gold
C00613,Tracy Roberts,Female,55,Bangalore,Platinum
C00614,Linda Robertson,Female,52,Kolkata,Gold
C00615,Pamela Ferguson,Male,24,Delhi,Platinum
C00616,John Walker,Female,28,Hyderabad,Platinum
C00617,Mary Ramirez,Male,54,Hyderabad,Platinum
C00618,Denise Morton,Female,39,Bangalore,Silver
C00619,Jay Richardson,Male,24,Mumbai,Silver
C00620,Audrey Hamilton,Male,46,Mumbai,Gold
C00621,Ernest Salazar,Female,55,Hyderabad,Platinum
C00622,Veronica Terry,Male,40,Kolkata,Gold
C00623,Michelle Pineda,Male,36,Bangalore,Silver
C00624,Tommy Taylor,Male,27,Mumbai,Gold
C00625,Corey Johnson,Female,47,Delhi,Platinum
C00626,Shannon Smith,Female,40,Bangalore,Silver
C00627,Nicholas Archer,Female,46,Mumbai,Silver
C00628,Jessica Chase,Female,20,Hyderabad,Silver
C00629,Bradley Casey,Male,39,Hyderabad,Silver
C00630,Nicole Gonzalez,Male,33,Chennai,Silver
C00631,Erika Suarez,Male,39,Chennai,Gold
C00632,Holly Obrien,Female,32,Bangalore,Platinum
C00633,Andre Murphy,Male,29,Hyderabad,Platinum
C00634,Robert Moore,Female,43,Kolkata,Platinum
C00635,Robert Herman,Male,46,Chennai,Gold
C00636,Erin Rice,Female,18,Hyderabad,Silver
C00637,Mr. Terry Hodge PhD,Male,35,Hyderabad,Silver
C00638,Joe Navarro,Male,52,Delhi,Gold
C00639,Leslie Carrillo,Female,30,Bangalore,Silver
C00640,Michelle Lopez,Female,60,Bangalore,Platinum
C00641,Erin Mason,Female,56,Bangalore,Platinum
C00642,Kim Jones,Female,55,Kolkata,Gold
C00643,Sarah Sawyer,Female,47,Chennai,Silver
C00644,Eric Raymond,Female,57,Chennai,Silver
C00645,Kimberly Gonzalez,Male,38,Kolkata,Silver
C00646,Jeremiah Robinson,Female,25,Delhi,Gold
C00647,Jessica Green,Male,50,Bangalore,Gold
C00648,Crystal Johnson MD,Male,54,Bangalore,Gold
C00649,April Kelly,Male,49,Hyderabad,Platinum
C00650,Michael Thomas,Male,53,Delhi,Gold
C00651,Misty Allen,Female,26,Delhi,Gold
C00652,Gabrielle Holmes,Female,57,Kolkata,Gold
C00653,Melinda Hernandez,Male,49,Delhi,Silver
C00654,Charles Garcia,Female,53,Chennai,Platinum
C00655,Denise Robinson,Female,44,Hyderabad,Gold
C00656,Dawn Yates,Female,46,Bangalore,Silver
C00657,Eric Jones,Male,54,Kolkata,Silver
C00658,Jennifer Meza,Female,20,Mumbai,Silver
C00659,Mario Kramer,Female,28,Bangalore,Platinum
C00660,Kenneth Kelley,Female,53,Chennai,Silver
C00661,Olivia Duncan,Male,35,Chennai,Gold
C00662,Amanda Wright,Male,46,Chennai,Silver
C00663,Traci Powell,Female,24,Hyderabad,Platinum
C00664,Shawn Phillips,Male,37,Kolkata,Gold
C00665,Derek Villanueva,Female,40,Kolkata,Gold
C00666,Jill Morgan,Male,33,Delhi,Platinum
C00667,Brandon Rodriguez,Female,57,Hyderabad,Gold
C00668,Gary Washington,Male,57,Delhi,Silver
C00669,Lindsay Todd,Male,21,Chennai,Gold
C00670,Mrs. Elizabeth Wells,Female,56,Chennai,Silver
C00671,Lisa French,Female,36,Mumbai,Platinum
C00672,John Gonzalez,Female,50,Hyderabad,Silver
C00673,Anthony Willis,Male,44,Kolkata,Gold
C00674,Perry Owens,Male,26,Delhi,Silver
C00675,Michael Holloway,Female,33,Hyderabad,Gold
C00676,Michele Novak,Female,27,Chennai,Platinum
C00677,Caroline Hayes,Female,58,Bangalore,Gold
C00678,Billy Golden,Female,22,Hyderabad,Silver
C00679,Katherine Lawson,Female,50,Hyderabad,Gold
C00680,Susan White,Female,47,Bangalore,Gold
C00681,Edward Cox,Male,23,Hyderabad,Gold
C00682,Paige Daugherty,Female,22,Chennai,Gold
C00683,Joseph Campbell,Male,45,Delhi,Gold
C00684,Leslie Smith,Female,38,Mumbai,Gold
C00685,Randy Mcbride,Male,54,Bangalore,Gold
C00686,Chase Graham,Male,20,Kolkata,Platinum
C00687,Kimberly Torres,Female,19,Kolkata,Silver
C00688,Scott Wright,Female,47,Kolkata,Gold
C00689,Audrey Conway,Male,26,Hyderabad,Gold
C00690,Troy Williams,Male,35,Kolkata,Platinum
C00691,Mark Kennedy,Female,34,Kolkata,Gold
C00692,Timothy Ballard,Male,21,Bangalore,Platinum
C00693,Stephanie Franco,Female,32,Bangalore,Platinum
C00694,David Taylor,Male,24,Kolkata,Silver
C00695,Christina Jones,Female,22,Delhi,Platinum
C00696,Kimberly Doyle,Male,51,Hyderabad,Gold
C00697,Brian Shelton,Male,18,Hyderabad,Gold
C00698,Lisa Mueller,Male,45,Hyderabad,Silver
C00699,Gary Martinez,Female,22,Delhi,Gold
C00700,William Mitchell,Male,24,Kolkata,Gold
C00701,Misty Barnes,Female,37,Delhi,Gold
C00702,Natasha Bray,Male,59,Hyderabad,Silver
C00703,Christina Alvarez,Male,51,Chennai,Silver
C00704,Jeremy Page,Male,46,Mumbai,Platinum
C00705,Rodney Davis,Male,58,Hyderabad,Silver
C00706,Danny Smith,Female,57,Hyderabad,Gold
C00707,Brian Davis,Male,23,Kolkata,Silver
C00708,Adam Fitzpatrick,Male,55,Hyderabad,Gold
C00709,Joseph Davis,Female,45,Mumbai,Silver
C00710,Jennifer Coleman,Male,35,Hyderabad,Silver
C00711,Deanna Griffin,Male,53,Chennai,Platinum
C00712,Nicholas Marquez,Female,19,Hyderabad,Gold
C00713,Barry Carpenter,Male,51,Chennai,Platinum
C00714,Jillian Bennett,Male,43,Mumbai,Platinum
C00715,John Byrd,Male,33,Bangalore,Gold
C00716,Nicole Andrews,Male,33,Bangalore,Platinum
C00717,Aaron Myers,Male,51,Kolkata,Gold
C00718,Brittney Cummings,Female,26,Bangalore,Platinum
C00719,Rachel Porter,Female,41,Chennai,Platinum
C00720,Andrew Case,Male,48,Kolkata,Silver
C00721,David Curry,Male,18,Mumbai,Silver
C00722,Erik Sims,Male,21,Bangalore,Platinum
C00723,Melissa Campbell,Female,58,Hyderabad,Platinum
C00724,Tyler Cooper,Female,45,Hyderabad,Gold
C00725,George Ortiz,Male,58,Chennai,Platinum
C00726,Allison Nelson,Male,35,Kolkata,Gold
C00727,Theresa Copeland,Male,50,Delhi,Silver
C00728,Tara Horne,Female,43,Chennai,Platinum
C00729,Regina Williams,Male,37,Hyderabad,Gold
C00730,Jeff Edwards,Male,21,Delhi,Silver
C00731,Kevin Hoffman,Female,25,Bangalore,Platinum
C00732,Shawn Stewart,Male,37,Hyderabad,Platinum
C00733,Julie Roberts,Male,25,Kolkata,Platinum
C00734,Raymond Crawford,Male,18,Delhi,Gold
C00735,Robert Rojas,Female,51,Chennai,Platinum
C00736,Stephen Hudson,Female,28,Mumbai,Silver
C00737,Jerry Hernandez,Female,25,Kolkata,Gold
C00738,Ryan Walton,Female,35,Chennai,Silver
C00739,Tammy Taylor,Female,54,Hyderabad,Silver
C00740,Susan Soto,Female,47,Chennai,Gold
C00741,Jennifer Castillo,Male,49,Chennai,Silver
C00742,Troy Hayes,Female,28,Mumbai,Silver
C00743,Martha Lewis,Male,32,Hyderabad,Platinum
C00744,Erik Harrison,Male,20,Kolkata,Silver
C00745,Jonathan Martin,Male,48,Mumbai,Gold
C00746,Anthony Thomas,Male,29,Kolkata,Platinum
C00747,Brandon Bond,Female,32,Mumbai,Silver
C00748,Jimmy Brady,Female,38,Mumbai,Silver
C00749,Theresa Henderson,Female,25,Chennai,Platinum
C00750,Brandy Brown,Male,29,Delhi,Platinum
C00751,Bradley Ramirez,Male,43,Kolkata,Gold
C00752,John Davis,Female,37,Mumbai,Silver
C00753,Heather Harper,Female,18,Mumbai,Silver
C00754,David Rojas,Female,54,Mumbai,Platinum
C00755,Matthew Santana,Male,47,Mumbai,Platinum
C00756,Candice Cole,Female,30,Hyderabad,Platinum
C00757,Malik Moore,Male,27,Kolkata,Gold
C00758,Jeremy Acosta,Male,32,Chennai,Gold
C00759,Anthony Rose,Male,39,Kolkata,Platinum
C00760,Mrs. Lisa Smith,Female,37,Kolkata,Silver
C00761,John Wheeler,Male,44,Bangalore,Silver
C00762,Brandon Frye,Male,35,Kolkata,Silver
C00763,Chad Olson,Male,51,Bangalore,Platinum
C00764,Mark Brandt,Female,47,Hyderabad,Silver
C00765,Kristin Reed,Male,50,Delhi,Platinum
C00766,Peter Klein,Female,22,Chennai,Platinum
C00767,Danielle Vance,Male,45,Hyderabad,Silver
C00768,Sierra Shepard,Male,36,Mumbai,Gold
C00769,Miss Donna Gardner,Female,38,Mumbai,Gold
C00770,Elizabeth Higgins,Female,32,Kolkata,Silver
C00771,Brian Fernandez,Male,55,Kolkata,Silver
C00772,Harold Anderson,Male,28,Bangalore,Gold
C00773,Jennifer Davis,Female,44,Kolkata,Platinum
C00774,Lisa Saunders,Female,31,Bangalore,Gold
C00775,Rebecca Anderson,Female,34,Kolkata,Silver
C00776,Christopher Price,Male,37,Hyderabad,Platinum
C00777,Eric Kelly,Male,31,Mumbai,Silver
C00778,Stephanie Lopez,Male,33,Mumbai,Gold
C00779,Nicholas Myers,Male,37,Mumbai,Silver
C00780,Debbie Williams,Male,43,Bangalore,Platinum
C00781,Kathryn Gould,Male,24,Bangalore,Silver
C00782,Danielle Brown,Male,25,Kolkata,Silver
C00783,Russell Davidson,Male,26,Delhi,Gold
C00784,Jeremy Chan,Female,58,Hyderabad,Silver
C00785,Allison Cortez,Female,22,Kolkata,Silver
C00786,Charles Galvan,Male,59,Bangalore,Silver
C00787,Tamara Hayden,Male,39,Kolkata,Silver
C00788,Daniel Herrera,Female,21,Delhi,Platinum
C00789,Sean Swanson,Female,43,Bangalore,Silver
C00790,Jacqueline Smith,Female,45,Delhi,Gold
C00791,Kelly Williams,Male,29,Mumbai,Gold
C00792,Crystal Hayes,Female,27,Kolkata,Platinum
C00793,Carrie Williams,Male,59,Mumbai,Gold
C00794,Alexis Stevens,Female,53,Bangalore,Silver
C00795,Ronald Alexander,Male,35,Bangalore,Silver
C00796,Justin Morales,Female,30,Hyderabad,Platinum
C00797,Blake Davis,Male,58,Chennai,Silver
C00798,Elizabeth Graham,Female,40,Bangalore,Platinum
C00799,Luis Sanchez,Female,40,Chennai,Platinum
C00800,Autumn Ward,Female,42,Mumbai,Silver
C00801,Jeremiah Woods,Male,38,Chennai,Silver
C00802,Matthew Colon,Male,35,Kolkata,Gold
C00803,Melissa Murray,Female,55,Delhi,Silver
C00804,Cheryl Murray,Male,33,Hyderabad,Silver
C00805,Jessica Fisher,Female,52,Hyderabad,Silver
C00806,Kelly Wells,Male,54,Bangalore,Gold
C00807,Larry Charles,Male,29,Delhi,Platinum
C00808,Morgan Hill,Female,40,Chennai,Silver
C00809,Daniel Anderson,Female,54,Chennai,Silver
C00810,Terry Morris,Male,49,Chennai,Gold
C00811,Eddie Gonzalez,Male,49,Kolkata,Silver
C00812,Mary Smith,Male,32,Chennai,Silver
C00813,Kristin Reid,Male,51,Bangalore,Silver
C00814,Mary Johnson,Female,57,Delhi,Silver
C00815,Amber Evans,Female,29,Mumbai,Silver
C00816,Elaine Morton,Male,27,Chennai,Platinum
C00817,Kristin Shea,Male,25,Chennai,Gold
C00818,Mitchell Kennedy,Male,41,Hyderabad,Platinum
C00819,Robert King,Female,55,Kolkata,Gold
C00820,Jacqueline Evans,Female,38,Delhi,Silver
C00821,Amy Adams MD,Female,58,Bangalore,Platinum
C00822,Mr. Arthur Dean,Female,29,Hyderabad,Platinum
C00823,Patrick Guerrero,Female,32,Hyderabad,Platinum
C00824,Vanessa Wilson,Male,42,Mumbai,Platinum
C00825,Gary Shields,Female,26,Delhi,Platinum
C00826,Angela Lin,Male,54,Bangalore,Platinum
C00827,Angie Murray,Male,29,Chennai,Gold
C00828,Andrea Ortega,Male,58,Chennai,Silver
C00829,Jessica Preston,Female,27,Mumbai,Platinum
C00830,Mr. Mark Smith,Male,33,Mumbai,Gold
C00831,Julia Burns,Male,58,Kolkata,Platinum
C00832,Amy Thomas,Female,46,Kolkata,Gold
C00833,Todd Adams,Male,33,Hyderabad,Silver
C00834,Joseph Morgan,Female,34,Kolkata,Platinum
C00835,Mark Gentry,Male,21,Bangalore,Gold
C00836,Antonio Ball,Female,28,Bangalore,Gold
C00837,William Roberts,Female,40,Chennai,Gold
C00838,Sarah Kent,Male,48,Chennai,Platinum
C00839,Steven Martin,Male,28,Bangalore,Silver
C00840,Christina Lynch,Male,36,Kolkata,Gold
C00841,Nicole Dunn,Female,24,Kolkata,Gold
C00842,Samuel Mayer,Male,42,Delhi,Platinum
C00843,Catherine Robertson,Male,53,Kolkata,Gold
C00844,Shawn York,Female,19,Bangalore,Platinum
C00845,Matthew Torres,Male,56,Bangalore,Silver
C00846,Christina Santiago,Male,24,Mumbai,Silver
C00847,Christopher Sloan,Male,44,Hyderabad,Platinum
C00848,Mark Perry,Female,60,Mumbai,Gold
C00849,Joseph Fernandez,Male,24,Kolkata,Gold
C00850,Randy Reid,Female,27,Kolkata,Gold
C00851,Misty Price,Male,45,Kolkata,Gold
C00852,Elizabeth Roberts,Female,30,Kolkata,Silver
C00853,Savannah Atkinson,Male,28,Hyderabad,Gold
C00854,William Watson,Male,48,Kolkata,Gold
C00855,Samuel Ball,Female,48,Bangalore,Platinum
C00856,Jeffrey Bailey,Female,23,Hyderabad,Platinum
C00857,Leonard Ferguson,Female,29,Mumbai,Gold
C00858,Andrew Phillips,Female,29,Bangalore,Silver
C00859,Joseph Jones,Female,46,Bangalore,Gold
C00860,Brandy Garcia,Male,35,Chennai,Silver
C00861,Emily Wilson,Male,60,Kolkata,Silver
C00862,Charles Hodge,Female,52,Bangalore,Platinum
C00863,Jason Schmidt,Male,53,Kolkata,Gold
C00864,Brandon Thornton,Female,52,Hyderabad,Gold
C00865,Debra Bell,Male,48,Mumbai,Silver
C00866,Thomas Burns,Female,20,Chennai,Platinum
C00867,Tonya Terrell,Male,25,Bangalore,Silver
C00868,Stephanie Ross,Male,31,Delhi,Silver
C00869,Jonathan Ruiz,Male,45,Kolkata,Platinum
C00870,Linda Gomez,Female,30,Hyderabad,Silver
C00871,Steven Conner,Female,38,Hyderabad,Silver
C00872,Isaac Perkins,Male,42,Chennai,Gold
C00873,Tracy Griffin,Female,35,Chennai,Gold
C00874,Lori Salazar,Male,57,Chennai,Platinum
C00875,Nicole Caldwell,Female,25,Bangalore,Silver
C00876,Justin Mccann,Male,54,Chennai,Platinum
C00877,Eric Sanchez,Male,24,Chennai,Silver
C00878,Sylvia Terry,Female,52,Mumbai,Gold
C00879,Donald Smith,Female,42,Hyderabad,Gold
C00880,Christopher Farmer,Female,20,Delhi,Gold
C00881,Randall Gomez,Female,27,Chennai,Platinum
C00882,Robert Gonzalez,Female,20,Bangalore,Gold
C00883,Emma Holt,Male,21,Hyderabad,Gold
C00884,Bruce Gibbs,Female,41,Kolkata,Gold
C00885,Kevin Roberts MD,Female,37,Mumbai,Gold
C00886,Robert Holland,Male,32,Delhi,Gold
C00887,Karen Ross,Female,38,Mumbai,Platinum
C00888,Rita Jackson,Female,56,Hyderabad,Silver
C00889,Raymond Vazquez,Male,46,Delhi,Gold
C00890,Crystal Reed,Female,51,Mumbai,Silver
C00891,Rachel Pierce,Male,22,Mumbai,Platinum
C00892,Debra Williams,Female,26,Chennai,Platinum
C00893,Robert Lyons,Male,29,Delhi,Silver
C00894,Anna Huang,Male,33,Kolkata,Gold
C00895,Lindsey Stevens,Male,41,Hyderabad,Silver
C00896,Jenny Adams,Female,41,Bangalore,Platinum
C00897,Edward Watts,Female,58,Kolkata,Platinum
C00898,Timothy Jones,Male,33,Mumbai,Gold
C00899,Kim Gibson,Female,29,Bangalore,Platinum
C00900,Corey Montes,Female,40,Delhi,Gold
C00901,Megan Poole,Male,36,Kolkata,Gold
C00902,Alexandra Sanchez,Male,28,Chennai,Silver
C00903,James Scott,Male,59,Delhi,Platinum
C00904,Aaron Hanson,Male,35,Hyderabad,Gold
C00905,Caleb Wagner,Male,18,Bangalore,Silver
C00906,Jean Green,Male,56,Kolkata,Silver
C00907,John Wilson,Female,56,Mumbai,Platinum
C00908,Katherine Hayes,Female,45,Bangalore,Gold
C00909,Shelley Huang,Female,34,Delhi,Gold
C00910,Linda Freeman,Female,51,Chennai,Gold
C00911,Frances Castro,Male,18,Chennai,Platinum
C00912,Isaiah Davis,Female,53,Hyderabad,Platinum
C00913,Donna Walters,Female,37,Hyderabad,Silver
C00914,Evan Martin,Female,22,Mumbai,Gold
C00915,Maria Graham,Female,35,Mumbai,Platinum
C00916,Courtney Jennings,Female,30,Delhi,Platinum
C00917,Karen Bird,Male,21,Chennai,Gold
C00918,Roberto Brown,Female,26,Hyderabad,Silver
C00919,Juan Day,Female,36,Mumbai,Gold
C00920,Cheryl Lee,Female,42,Hyderabad,Silver
C00921,Brian Duran,Male,39,Hyderabad,Platinum
C00922,Lynn Harvey,Male,52,Hyderabad,Gold
C00923,John Schmitt,Female,50,Mumbai,Silver
C00924,Anthony Haynes,Male,36,Kolkata,Gold
C00925,Joseph Thomas,Male,34,Hyderabad,Platinum
C00926,Jennifer Johnson,Male,39,Hyderabad,Silver
C00927,Anthony Dennis,Male,40,Delhi,Platinum
C00928,Kathleen Kim,Female,44,Mumbai,Gold
C00929,Jeff Middleton,Female,55,Mumbai,Gold
C00930,Kirsten Lopez,Male,48,Kolkata,Platinum
C00931,Jose Fletcher,Male,48,Delhi,Platinum
C00932,Kevin Gilmore,Male,42,Chennai,Gold
C00933,Denise Lamb,Female,21,Delhi,Silver
C00934,Jacob Hernandez,Male,39,Bangalore,Platinum
C00935,Danielle Owens,Female,27,Mumbai,Platinum
C00936,James Cabrera,Male,23,Bangalore,Gold
C00937,Stephen Willis,Male,38,Hyderabad,Silver
C00938,Joy Weaver,Male,46,Mumbai,Silver
C00939,Melanie Cruz,Male,54,Delhi,Gold
C00940,Kayla Williams,Male,26,Chennai,Gold
C00941,Kathy Bishop,Female,43,Bangalore,Gold
C00942,Ann Bailey,Female,18,Kolkata,Platinum
C00943,Leonard Love,Male,41,Kolkata,Gold
C00944,Carol Harper,Male,19,Hyderabad,Silver
C00945,Darrell Johnson,Male,32,Hyderabad,Gold
C00946,Christina Sanchez,Female,26,Kolkata,Gold
C00947,Cory Brown,Female,28,Kolkata,Silver
C00948,Dawn Bennett,Female,36,Bangalore,Platinum
C00949,Katherine Willis,Female,45,Hyderabad,Silver
C00950,Donald Clark,Female,49,Mumbai,Silver
C00951,Tara Le,Male,43,Kolkata,Silver
C00952,Christopher Owens,Male,26,Delhi,Platinum
C00953,Melinda Clayton,Male,55,Chennai,Silver
C00954,Cindy Carter,Male,41,Hyderabad,Platinum
C00955,Brandon Garcia,Male,42,Hyderabad,Gold
C00956,Candice Lawson,Male,56,Kolkata,Platinum
C00957,Anthony Morgan,Male,59,Kolkata,Silver
C00958,Sydney Howard,Male,44,Bangalore,Gold
C00959,William Ryan,Male,53,Mumbai,Gold
C00960,Sharon Campbell,Male,31,Hyderabad,Platinum
C00961,Jared Oconnor,Male,37,Bangalore,Platinum
C00962,Christopher Coleman,Male,60,Chennai,Gold
C00963,Joan Lucas,Male,44,Kolkata,Platinum
C00964,Donald Trevino,Male,36,Kolkata,Silver
C00965,Dr. Brandon Willis,Female,30,Chennai,Silver
C00966,Kelly Bullock,Female,51,Delhi,Gold
C00967,Courtney Ortega,Female,36,Delhi,Silver
C00968,Jennifer Bauer,Female,31,Hyderabad,Gold
C00969,Kenneth Miller,Female,33,Kolkata,Silver
C00970,Katie Martinez,Male,25,Chennai,Platinum
C00971,Curtis Johnson,Female,27,Kolkata,Platinum
C00972,Gabriel Taylor,Male,24,Mumbai,Platinum
C00973,Michelle Murphy,Male,47,Mumbai,Gold
C00974,Jonathan Montgomery,Female,21,Kolkata,Silver
C00975,Kenneth Johnson,Male,36,Mumbai,Platinum
C00976,Christine Austin,Female,45,Hyderabad,Silver
C00977,Mr. Harry Armstrong III,Male,20,Kolkata,Silver
C00978,Gavin Torres,Male,39,Mumbai,Gold
C00979,Chelsea Mccarthy,Female,23,Mumbai,Gold
C00980,Dr. Cody Manning MD,Male,25,Bangalore,Gold
C00981,Amy Russell,Female,35,Bangalore,Platinum
C00982,Lisa Patterson,Female,44,Hyderabad,Silver
C00983,Jacob Malone,Male,26,Hyderabad,Platinum
C00984,Raymond Duarte,Male,28,Kolkata,Gold
C00985,Rebekah Williams,Female,54,Hyderabad,Gold
C00986,Tracy Stephens,Male,57,Bangalore,Gold
C00987,Austin Pruitt,Male,26,Bangalore,Gold
C00988,Ronald Ponce,Male,44,Bangalore,Silver
C00989,William Lopez,Male,34,Hyderabad,Gold
C00990,Wanda Stewart,Male,51,Hyderabad,Platinum
C00991,Dawn Henry,Male,60,Mumbai,Platinum
C00992,Matthew Olson,Male,45,Hyderabad,Platinum
C00993,Marie Olson,Male,48,Mumbai,Platinum
C00994,Curtis Ramirez,Female,27,Chennai,Platinum
C00995,Carolyn Barrera,Male,18,Hyderabad,Silver
C00996,Donna Gibson,Female,49,Delhi,Silver
C00997,Thomas Elliott,Female,38,Delhi,Gold
C00998,Connie Wheeler,Female,21,Chennai,Silver
C00999,Joanne Brown,Female,43,Delhi,Silver
C01000,Shane Harris,Female,46,Chennai,Gold
